id,subject_id,image,label
synthetic_00,synthetic_00,images/synthetic_00.nii.gz,labels/synthetic_00.nii.gz
synthetic_01,synthetic_01,images/synthetic_01.nii.gz,labels/synthetic_01.nii.gz
synthetic_02,synthetic_02,images/synthetic_02.nii.gz,labels/synthetic_02.nii.gz
synthetic_03,synthetic_03,images/synthetic_03.nii.gz,labels/synthetic_03.nii.gz
synthetic_04,synthetic_04,images/synthetic_04.nii.gz,labels/synthetic_04.nii.gz
synthetic_05,synthetic_05,images/synthetic_05.nii.gz,labels/synthetic_05.nii.gz
synthetic_06,synthetic_06,images/synthetic_06.nii.gz,labels/synthetic_06.nii.gz
synthetic_07,synthetic_07,images/synthetic_07.nii.gz,labels/synthetic_07.nii.gz
synthetic_08,synthetic_08,images/synthetic_08.nii.gz,labels/synthetic_08.nii.gz
synthetic_09,synthetic_09,images/synthetic_09.nii.gz,labels/synthetic_09.nii.gz
synthetic_10,synthetic_10,images/synthetic_10.nii.gz,labels/synthetic_10.nii.gz
synthetic_11,synthetic_11,images/synthetic_11.nii.gz,labels/synthetic_11.nii.gz
